{
  "properties": {
    "connectionReferences": {
      "shared_office365": {
        "runtimeSource": "embedded",
        "connection": {
          "connectionReferenceLogicalName": "new_sharedoffice365_6d491"
        },
        "api": {
          "name": "shared_office365"
        }
      },
      "shared_commondataserviceforapps": {
        "runtimeSource": "embedded",
        "connection": {
          "connectionReferenceLogicalName": "new_sharedcommondataserviceforapps_03394"
        },
        "api": {
          "name": "shared_commondataserviceforapps"
        }
      }
    },
    "definition": {
      "$schema": "https://schema.management.azure.com/providers/Microsoft.Logic/schemas/2016-06-01/workflowdefinition.json#",
      "contentVersion": "1.0.0.0",
      "parameters": {
        "$connections": {
          "defaultValue": {},
          "type": "Object"
        },
        "$authentication": {
          "defaultValue": {},
          "type": "SecureObject"
        }
      },
      "triggers": {
        "When_a_row_is_added,_modified_or_deleted": {
          "metadata": {
            "operationMetadataId": "c74c843a-138c-496c-8fdc-7b854e8ecd05"
          },
          "type": "OpenApiConnectionWebhook",
          "inputs": {
            "host": {
              "connectionName": "shared_commondataserviceforapps",
              "operationId": "SubscribeWebhookTrigger",
              "apiId": "/providers/Microsoft.PowerApps/apis/shared_commondataserviceforapps"
            },
            "parameters": {
              "subscriptionRequest/message": 1,
              "subscriptionRequest/entityname": "dts_chatassistantfeedback",
              "subscriptionRequest/scope": 4
            },
            "authentication": "@parameters('$authentication')"
          }
        }
      },
      "actions": {
        "Send_an_email_(V2)": {
          "runAfter": {},
          "metadata": {
            "operationMetadataId": "b983454d-b24f-4a87-8f98-3823fcd7b4c8"
          },
          "type": "OpenApiConnection",
          "inputs": {
            "host": {
              "connectionName": "shared_office365",
              "operationId": "SendEmailV2",
              "apiId": "/providers/Microsoft.PowerApps/apis/shared_office365"
            },
            "parameters": {
              "emailMessage/To": "shawn.ennis@concentrix.com;david.soden@concentrix.com",
              "emailMessage/Subject": "@{triggerOutputs()?['body/cr5c4_from']}- Chat Assistant App Feedback Notification",
              "emailMessage/Body": "<p><span style=\"font-size: 14px\"><strong>Feeback</strong></span><span style=\"font-size: 14px\">:</span> <span style=\"font-family: verdana; font-size: 10px\">@{triggerOutputs()?['body/cr5c4_feedback']}</span><br>\n<br>\n<span style=\"font-size: 14px\"><strong>Prompt</strong></span><span style=\"font-size: 14px\">:</span> <span style=\"font-size: 10px; font-family: verdana\"></span><span style=\"font-size: 10px; font-family: verdana\">@{triggerOutputs()?['body/cr5c4_queryquestion']}</span><span style=\"font-size: 10px; font-family: verdana\"></span><br>\n<br>\n<span style=\"font-size: 14px\"><strong>AI</strong></span><span style=\"font-size: 14px\"> </span><span style=\"font-size: 14px\"><strong>Response</strong></span><span style=\"font-size: 14px\">:</span> <span style=\"font-size: 10px; font-family: verdana\"></span><span style=\"font-size: 10px; font-family: verdana\">@{triggerOutputs()?['body/cr5c4_airesponse']}</span><span style=\"font-size: 10px; font-family: verdana\"></span></p>",
              "emailMessage/Importance": "Normal"
            },
            "authentication": "@parameters('$authentication')"
          }
        }
      },
      "outputs": {}
    },
    "templateName": ""
  },
  "schemaVersion": "1.0.0.0"
}