{
  "properties": {
    "connectionReferences": {
      "shared_office365": {
        "runtimeSource": "embedded",
        "connection": {
          "connectionReferenceLogicalName": "new_sharedoffice365_6d491"
        },
        "api": {
          "name": "shared_office365"
        }
      },
      "shared_commondataserviceforapps": {
        "runtimeSource": "embedded",
        "connection": {
          "connectionReferenceLogicalName": "new_sharedcommondataserviceforapps_03394"
        },
        "api": {
          "name": "shared_commondataserviceforapps"
        }
      }
    },
    "definition": {
      "$schema": "https://schema.management.azure.com/providers/Microsoft.Logic/schemas/2016-06-01/workflowdefinition.json#",
      "contentVersion": "1.0.0.0",
      "parameters": {
        "$connections": {
          "defaultValue": {},
          "type": "Object"
        },
        "$authentication": {
          "defaultValue": {},
          "type": "SecureObject"
        }
      },
      "triggers": {
        "When_a_row_is_added,_modified_or_deleted": {
          "metadata": {
            "operationMetadataId": "4857932a-7e17-44c0-b576-3281e3436d87"
          },
          "type": "OpenApiConnectionWebhook",
          "inputs": {
            "host": {
              "connectionName": "shared_commondataserviceforapps",
              "operationId": "SubscribeWebhookTrigger",
              "apiId": "/providers/Microsoft.PowerApps/apis/shared_commondataserviceforapps"
            },
            "parameters": {
              "subscriptionRequest/message": 1,
              "subscriptionRequest/entityname": "dts_chatassistantlogs",
              "subscriptionRequest/scope": 4
            },
            "authentication": "@parameters('$authentication')"
          },
          "conditions": [
            {
              "expression": "@equals(triggerOutputs()?['body/cr5c4_isgreyflagged'],true)"
            }
          ]
        }
      },
      "actions": {
        "Send_an_email_(V2)": {
          "runAfter": {},
          "metadata": {
            "operationMetadataId": "0e3a9b10-bf53-4ae5-ab04-5749cab5551a"
          },
          "type": "OpenApiConnection",
          "inputs": {
            "host": {
              "connectionName": "shared_office365",
              "operationId": "SendEmailV2",
              "apiId": "/providers/Microsoft.PowerApps/apis/shared_office365"
            },
            "parameters": {
              "emailMessage/To": "shawn.ennis@concentrix.com;david.soden@concentrix.com",
              "emailMessage/Subject": "@{triggerOutputs()?['body/ccat_fullname']} Triggered a Moderation Grey Word",
              "emailMessage/Body": "<p><strong>Please review the following prompt:</strong><br>\n@{triggerOutputs()?['body/ccat_sent']}<br>\n<br>\n<strong>The AI Response was:</strong><br>\n@{triggerOutputs()?['body/ccat_received']}<br>\n<br>\n<strong>This occured at:</strong><br>\n@{triggerOutputs()?['body/ccat_dts']}</p>",
              "emailMessage/Importance": "Normal"
            },
            "authentication": "@parameters('$authentication')"
          }
        }
      }
    },
    "templateName": ""
  },
  "schemaVersion": "1.0.0.0"
}