<environmentvariabledefinition schemaname="new_envAppURL">
  <description default="The Application URL in this environment - NOTE you will have to circle back to set this after your solution is imported for the first time">
    <label description="The Application URL in this environment - NOTE you will have to circle back to set this after your solution is imported for the first time" languagecode="1033" />
  </description>
  <displayname default="envAppURL">
    <label description="envAppURL" languagecode="1033" />
  </displayname>
  <introducedversion>2.1.2.50</introducedversion>
  <iscustomizable>1</iscustomizable>
  <isrequired>0</isrequired>
  <secretstore>0</secretstore>
  <type>100000000</type>
</environmentvariabledefinition>